{"stats":{"minecraft:used":{"minecraft:crafting_table":1,"minecraft:oak_planks":8,"minecraft:wooden_pickaxe":3},"minecraft:crafted":{"minecraft:oak_planks":24,"minecraft:crafting_table":1,"minecraft:stick":4,"minecraft:wooden_pickaxe":1},"minecraft:dropped":{"minecraft:wheat_seeds":1,"minecraft:peony":1},"minecraft:custom":{"minecraft:open_chest":2,"minecraft:time_since_rest":6201,"minecraft:damage_taken":410,"minecraft:crouch_one_cm":10,"minecraft:play_time":14269,"minecraft:sprint_one_cm":22359,"minecraft:deaths":1,"minecraft:walk_one_cm":34931,"minecraft:sneak_time":111,"minecraft:drop":2,"minecraft:jump":152,"minecraft:damage_dealt":50,"minecraft:leave_game":2,"minecraft:time_since_death":6175,"minecraft:total_world_time":14269,"minecraft:talked_to_villager":2,"minecraft:interact_with_crafting_table":1,"minecraft:fall_one_cm":5118,"minecraft:fly_one_cm":16327},"minecraft:picked_up":{"minecraft:wooden_pickaxe":2,"minecraft:peony":1,"minecraft:wheat_seeds":1,"minecraft:grindstone":1,"minecraft:oak_log":6,"minecraft:oak_sapling":4,"twigs:twig":1,"minecraft:blue_bed":1,"minecraft:dirt":17},"minecraft:mined":{"minecraft:large_fern":1,"minecraft:grass_block":2,"minecraft:oak_log":6,"minecraft:dirt":1,"minecraft:spruce_leaves":2,"minecraft:grindstone":1,"minecraft:blue_bed":1}},"DataVersion":3465}