{"stats":{"minecraft:used":{"minecraft:stone_sword":12,"minecraft:stone_pickaxe":16,"minecraft:oak_planks":8,"minecraft:wooden_pickaxe":13,"minecraft:blue_bed":1,"minecraft:stone_axe":1,"minecraft:wooden_sword":2,"minecraft:crafting_table":2},"minecraft:killed":{"minecraft:sheep":2,"alexsmobs:terrapin":1,"crabbersdelight:crab":1,"minecraft:cow":1},"minecraft:crafted":{"minecraft:wooden_sword":1,"minecraft:oak_planks":28,"minecraft:crafting_table":2,"minecraft:stick":10,"minecraft:wooden_pickaxe":1,"minecraft:stone_pickaxe":1,"minecraft:stone_sword":1,"minecraft:stone_axe":1},"minecraft:dropped":{"minecraft:wheat_seeds":1,"minecraft:peony":1},"minecraft:custom":{"minecraft:time_since_rest":3076,"minecraft:sprint_one_cm":35856,"minecraft:damage_taken":410,"minecraft:walk_one_cm":99636,"minecraft:mob_kills":5,"minecraft:drop":2,"minecraft:damage_dealt":510,"minecraft:interact_with_crafting_table":6,"minecraft:talked_to_villager":6,"minecraft:fly_one_cm":25231,"minecraft:open_chest":4,"minecraft:crouch_one_cm":10,"minecraft:play_time":26269,"minecraft:interact_with_loom":1,"minecraft:deaths":1,"minecraft:sneak_time":111,"minecraft:jump":260,"minecraft:leave_game":2,"minecraft:time_since_death":18175,"minecraft:walk_on_water_one_cm":1998,"minecraft:sleep_in_bed":1,"minecraft:total_world_time":26269,"minecraft:fall_one_cm":6374},"minecraft:picked_up":{"minecraft:crafting_table":1,"minecraft:raw_iron":2,"crabbersdelight:crab":1,"minecraft:leather":1,"minecraft:wooden_pickaxe":2,"minecraft:oak_log":7,"minecraft:dirt":26,"minecraft:blue_bed":2,"minecraft:raw_copper":23,"minecraft:wheat_seeds":2,"minecraft:peony":1,"minecraft:beef":1,"minecraft:grindstone":1,"minecraft:oak_sapling":4,"twigs:twig":1,"minecraft:mutton":3,"minecraft:white_wool":2,"minecraft:cobblestone":12},"minecraft:mined":{"minecraft:large_fern":1,"minecraft:iron_ore":2,"minecraft:crafting_table":1,"minecraft:grass_block":7,"minecraft:oak_log":7,"minecraft:dirt":5,"minecraft:copper_ore":7,"minecraft:spruce_leaves":5,"minecraft:stone":12,"minecraft:grindstone":1,"minecraft:blue_bed":2}},"DataVersion":3465}