{"stats":{"minecraft:used":{"minecraft:stone_sword":24,"minecraft:stone_pickaxe":29,"minecraft:oak_planks":8,"minecraft:wooden_pickaxe":13,"crabbersdelight:crab":1,"minecraft:blue_bed":1,"minecraft:white_wool":1,"minecraft:stone_axe":79,"minecraft:wooden_sword":2,"minecraft:crafting_table":2},"minecraft:killed":{"minecraft:sheep":2,"minecraft:pig":2,"alexsmobs:terrapin":1,"crabbersdelight:crab":1,"minecraft:cow":1},"minecraft:crafted":{"minecraft:wooden_sword":1,"minecraft:oak_planks":28,"minecraft:crafting_table":2,"minecraft:stick":10,"minecraft:wooden_pickaxe":1,"minecraft:stone_pickaxe":1,"minecraft:stone_sword":1,"minecraft:stone_axe":1},"minecraft:dropped":{"minecraft:wheat_seeds":1,"minecraft:peony":1},"minecraft:custom":{"minecraft:time_since_rest":27076,"minecraft:sprint_one_cm":38584,"minecraft:damage_taken":410,"minecraft:walk_one_cm":146570,"minecraft:mob_kills":7,"minecraft:drop":2,"minecraft:damage_dealt":710,"minecraft:interact_with_crafting_table":6,"minecraft:talked_to_villager":6,"minecraft:fly_one_cm":30971,"minecraft:open_chest":5,"minecraft:crouch_one_cm":426,"minecraft:play_time":50269,"minecraft:interact_with_loom":1,"minecraft:deaths":1,"minecraft:sneak_time":206,"minecraft:jump":441,"minecraft:leave_game":2,"minecraft:time_since_death":42175,"minecraft:walk_on_water_one_cm":1998,"minecraft:sleep_in_bed":1,"minecraft:climb_one_cm":40,"minecraft:total_world_time":50269,"minecraft:fall_one_cm":10492},"minecraft:picked_up":{"minecraft:crafting_table":1,"minecraft:raw_iron":2,"quark:hollow_spruce_log":1,"crabbersdelight:crab":1,"minecraft:leather":1,"minecraft:wooden_pickaxe":2,"minecraft:porkchop":6,"minecraft:oak_log":7,"minecraft:spruce_log":64,"minecraft:dirt":30,"minecraft:blue_bed":2,"minecraft:moss_carpet":2,"minecraft:raw_copper":23,"minecraft:wheat_seeds":3,"minecraft:peony":1,"minecraft:beef":1,"minecraft:grindstone":1,"delightful:green_tea_leaf":2,"minecraft:spruce_slab":1,"minecraft:flowering_azalea":1,"minecraft:oak_sapling":4,"twigs:twig":1,"minecraft:coal":11,"minecraft:mutton":3,"minecraft:white_wool":2,"minecraft:cobblestone":12},"minecraft:mined":{"minecraft:podzol":1,"minecraft:large_fern":3,"snowrealmagic:slab":1,"minecraft:iron_ore":2,"minecraft:spruce_log":69,"minecraft:moss_carpet":1,"minecraft:crafting_table":1,"minecraft:grass":4,"minecraft:coal_ore":11,"minecraft:grass_block":7,"minecraft:oak_log":7,"minecraft:dirt":8,"minecraft:copper_ore":7,"minecraft:spruce_leaves":5,"minecraft:stone":13,"minecraft:grindstone":1,"quark:hollow_spruce_log":1,"minecraft:blue_bed":2,"minecraft:fern":1}},"DataVersion":3465}