{"stats":{"minecraft:crafted":{"minecraft:wooden_sword":1,"minecraft:oak_planks":28,"minecraft:crafting_table":3,"minecraft:spruce_planks":8,"minecraft:wooden_pickaxe":2,"minecraft:iron_sword":1,"minecraft:furnace":2,"minecraft:stone_axe":2,"minecraft:air":0,"biomesoplenty:fir_planks":132,"minecraft:iron_chestplate":1,"minecraft:shield":1,"minecraft:stick":22,"minecraft:iron_ingot":18,"minecraft:iron_pickaxe":1,"minecraft:stone_pickaxe":2,"minecraft:stone_sword":1,"minecraft:iron_leggings":1,"minecraft:spruce_boat":1,"minecraft:torch":4},"minecraft:dropped":{"minecraft:wheat_seeds":3,"minecraft:peony":1},"minecraft:used":{"minecraft:stone_sword":24,"minecraft:stone_pickaxe":160,"minecraft:oak_planks":8,"minecraft:wooden_pickaxe":21,"crabbersdelight:crab":1,"minecraft:iron_sword":13,"biomesoplenty:fir_planks":2,"minecraft:blue_bed":1,"minecraft:rotten_flesh":2,"minecraft:iron_chestplate":1,"minecraft:white_wool":3,"minecraft:torch":1,"minecraft:dirt":5,"minecraft:mutton":2,"minecraft:crafting_table":7,"minecraft:spruce_boat":1,"minecraft:bread":3,"minecraft:iron_pickaxe":18,"minecraft:gravel":10,"minecraft:stone_axe":83,"minecraft:wooden_sword":2,"minecraft:cobblestone":9,"minecraft:furnace":2,"biomesoplenty:fir_log":6},"minecraft:mined":{"minecraft:podzol":1,"snowrealmagic:slab":1,"minecraft:powder_snow":28,"minecraft:crafting_table":6,"minecraft:grass_block":11,"minecraft:copper_ore":7,"minecraft:spruce_leaves":6,"minecraft:grindstone":1,"minecraft:blue_bed":2,"minecraft:large_fern":3,"minecraft:furnace":2,"minecraft:iron_ore":26,"minecraft:ice":1,"minecraft:spruce_log":71,"minecraft:moss_carpet":1,"biomesoplenty:fir_log":1,"minecraft:grass":8,"minecraft:coal_ore":41,"minecraft:oak_log":7,"minecraft:gravel":20,"minecraft:dirt":10,"minecraft:stone":108,"minecraft:white_wool":1,"minecraft:oak_leaves":1,"quark:hollow_spruce_log":1,"minecraft:fern":1},"minecraft:picked_up":{"minecraft:crafting_table":6,"quark:hollow_spruce_log":1,"minecraft:leather":1,"minecraft:wooden_pickaxe":2,"biomesoplenty:fir_sapling":16,"biomesoplenty:fir_log":40,"minecraft:flint":5,"minecraft:oak_log":7,"minecraft:dirt":35,"minecraft:blue_bed":2,"minecraft:moss_carpet":2,"minecraft:raw_copper":23,"minecraft:wheat_seeds":3,"biomesoplenty:fir_planks":2,"twigs:pebble":6,"minecraft:grindstone":1,"minecraft:beef":1,"minecraft:iron_ingot":4,"minecraft:spruce_slab":1,"twigs:twig":4,"delightful:green_tea_leaf":3,"minecraft:flowering_azalea":1,"minecraft:furnace":2,"minecraft:raw_iron":25,"crabbersdelight:crab":1,"minecraft:gravel":14,"minecraft:porkchop":6,"minecraft:spruce_log":66,"minecraft:rotten_flesh":2,"minecraft:peony":1,"minecraft:bread":3,"minecraft:oak_sapling":4,"minecraft:mutton":3,"minecraft:coal":66,"minecraft:white_wool":3,"minecraft:cobblestone":100},"minecraft:killed_by":{"minecraft:pillager":1},"minecraft:broken":{"minecraft:stone_pickaxe":1},"minecraft:killed":{"minecraft:pig":2,"minecraft:sheep":2,"minecraft:zombie":2,"alexsmobs:terrapin":1,"crabbersdelight:crab":1,"minecraft:cow":1},"minecraft:custom":{"minecraft:interact_with_furnace":26,"minecraft:mob_kills":9,"minecraft:interact_with_crafting_table":23,"minecraft:interact_with_loom":1,"minecraft:leave_game":5,"minecraft:time_since_death":1781,"minecraft:sleep_in_bed":1,"minecraft:climb_one_cm":40,"minecraft:time_since_rest":2830,"minecraft:sprint_one_cm":99212,"minecraft:damage_taken":940,"minecraft:walk_one_cm":234868,"minecraft:drop":3,"minecraft:damage_dealt":991,"minecraft:talked_to_villager":6,"minecraft:swim_one_cm":189,"minecraft:fly_one_cm":102389,"minecraft:open_chest":5,"minecraft:crouch_one_cm":1990,"minecraft:play_time":89515,"minecraft:deaths":3,"minecraft:sneak_time":508,"minecraft:walk_under_water_one_cm":2726,"minecraft:boat_one_cm":24395,"minecraft:jump":1002,"minecraft:walk_on_water_one_cm":2495,"minecraft:total_world_time":89515,"minecraft:fall_one_cm":24788}},"DataVersion":3465}