{"stats":{"minecraft:used":{"minecraft:shield":2,"minecraft:iron_sword":64,"minecraft:rotten_flesh":8,"minecraft:iron_chestplate":1,"minecraft:torch":7,"minecraft:dirt":13,"minecraft:tuff":2,"minecraft:iron_axe":983,"minecraft:grass_block":1,"minecraft:iron_helmet":1,"minecraft:iron_boots":1,"minecraft:beef":2,"minecraft:sweet_berries":8,"minecraft:furnace":3,"minecraft:cobbled_deepslate":54,"minecraft:powder_snow_bucket":14,"minecraft:iron_leggings":1,"minecraft:water_bucket":44,"minecraft:diorite":8,"minecraft:stone_pickaxe":151,"minecraft:wooden_pickaxe":12,"minecraft:crafting_table":6,"minecraft:bread":14,"minecraft:melon_slice":3,"minecraft:iron_pickaxe":354,"minecraft:stone_axe":18,"minecraft:cobblestone":79,"minecraft:purple_bed":8,"minecraft:bucket":60,"twigs:pebble":1,"delightful:acorn":1},"minecraft:killed":{"alexsmobs:snow_leopard":1,"quark:toretoise":1,"minecraft:skeleton":2,"crabbersdelight:crab":1,"minecraft:creeper":1,"minecraft:sheep":4,"minecraft:zombie":7,"minecraft:enderman":1,"minecraft:cow":6},"minecraft:broken":{"minecraft:stone_pickaxe":1,"minecraft:iron_axe":3,"minecraft:iron_pickaxe":1},"minecraft:crafted":{"minecraft:oak_planks":52,"minecraft:melon_slice":3,"minecraft:furnace":3,"minecraft:iron_boots":1,"minecraft:iron_axe":4,"minecraft:stone_pickaxe":2,"quark:blossom_planks":4,"minecraft:crafting_table":4,"minecraft:wooden_pickaxe":2,"minecraft:iron_helmet":1,"minecraft:iron_sword":1,"minecraft:bucket":2,"minecraft:stone_axe":1,"minecraft:air":0,"aether:iron_gloves":1,"biomesoplenty:fir_planks":4,"minecraft:iron_chestplate":1,"minecraft:shield":1,"minecraft:stick":66,"minecraft:iron_ingot":107,"minecraft:iron_pickaxe":2,"minecraft:stone_sword":1,"minecraft:iron_leggings":1,"minecraft:iron_shovel":1,"minecraft:gold_ingot":15,"minecraft:torch":4},"minecraft:dropped":{"minecraft:water_bucket":2,"minecraft:iron_ingot":4,"minecraft:bread":3,"minecraft:wheat_seeds":2,"minecraft:smithing_table":1,"minecraft:crafting_table":1,"minecraft:cobblestone":10,"delightful:green_tea_leaf":2,"minecraft:stick":41,"minecraft:flint":5,"twigs:pebble":3,"minecraft:lava_bucket":1,"minecraft:dirt":1,"quark:blossom_log":1,"minecraft:torch":3,"minecraft:map":4,"minecraft:stonecutter":1,"minecraft:iron_shovel":1,"minecraft:paper":8,"minecraft:birch_log":2,"twigs:twig":73,"minecraft:spruce_sapling":3,"minecraft:bone":6,"minecraft:gravel":7,"minecraft:furnace":4,"minecraft:stone_axe":1,"minecraft:stone_sword":1,"minecraft:raw_copper":2,"minecraft:grindstone":2,"minecraft:oak_planks":56,"supplementaries:ash":3,"minecraft:peony":1,"minecraft:purple_bed":3,"minecraft:oak_sapling":2,"minecraft:chest":1,"minecraft:wooden_pickaxe":2,"minecraft:arrow":4,"crabbersdelight:crab":1,"minecraft:stone_pickaxe":1},"minecraft:custom":{"minecraft:interact_with_smithing_table":1,"minecraft:mob_kills":26,"minecraft:interact_with_crafting_table":15,"minecraft:open_barrel":13,"goblintraders:trade_with_goblin":35,"minecraft:leave_game":5,"minecraft:time_since_death":86947,"minecraft:climb_one_cm":3419,"minecraft:sprint_one_cm":261351,"minecraft:walk_one_cm":273564,"minecraft:damage_blocked_by_shield":80,"minecraft:drop":67,"minecraft:play_noteblock":21,"minecraft:talked_to_villager":2,"minecraft:play_time":141841,"minecraft:deaths":2,"minecraft:sneak_time":8286,"minecraft:walk_under_water_one_cm":18986,"minecraft:jump":1970,"minecraft:walk_on_water_one_cm":13303,"minecraft:total_world_time":141841,"minecraft:interact_with_furnace":17,"minecraft:tune_noteblock":93,"minecraft:interact_with_stonecutter":1,"minecraft:sleep_in_bed":7,"minecraft:time_since_rest":4136,"minecraft:damage_taken":1058,"minecraft:damage_dealt":5025,"minecraft:swim_one_cm":62601,"minecraft:fly_one_cm":343761,"minecraft:open_chest":7,"minecraft:crouch_one_cm":20304,"minecraft:fall_one_cm":50682},"minecraft:mined":{"minecraft:diamond_ore":1,"minecraft:tuff":2,"minecraft:dark_oak_log":130,"minecraft:glow_lichen":1,"minecraft:grass_block":7,"minecraft:decorated_pot":1,"minecraft:spruce_leaves":3,"biomesoplenty:tundra_shrub":1,"minecraft:furnace":4,"minecraft:iron_ore":77,"minecraft:cobbled_deepslate":9,"minecraft:deepslate_lapis_ore":4,"minecraft:bookshelf":22,"minecraft:deepslate_iron_ore":10,"minecraft:stone":114,"minecraft:bone_block":144,"minecraft:smithing_table":1,"minecraft:deepslate_redstone_ore":6,"twigs:pebble":1,"minecraft:powder_snow":44,"minecraft:crafting_table":2,"minecraft:torch":5,"minecraft:chest":1,"quark:blossom_log":86,"minecraft:copper_ore":1,"minecraft:tall_grass":3,"minecraft:cobblestone":19,"minecraft:lapis_ore":5,"minecraft:grindstone":1,"minecraft:sugar_cane":5,"minecraft:diorite":5,"minecraft:wall_torch":1,"supplementaries:urn":3,"minecraft:purple_bed":10,"biomesoplenty:yellow_autumn_leaves":4,"minecraft:birch_log":159,"minecraft:sweet_berry_bush":24,"minecraft:ice":2,"biomesoplenty:fir_log":240,"minecraft:grass":27,"minecraft:oak_log":219,"minecraft:coal_ore":46,"delightful:mini_melon":1,"biomesoplenty:fir_leaves":1,"minecraft:gravel":11,"minecraft:dirt":9,"minecraft:stonecutter":1,"minecraft:gold_ore":10,"minecraft:oak_leaves":14,"minecraft:deepslate":44,"minecraft:fern":4},"minecraft:picked_up":{"minecraft:crafting_table":3,"minecraft:smithing_table":1,"biomesoplenty:orange_autumn_sapling":31,"minecraft:raw_copper":2,"biomesoplenty:yellow_autumn_sapling":64,"minecraft:cobbled_deepslate":54,"twigs:pebble":4,"delightful:acorn":1,"minecraft:beef":2,"quark:yellow_blossom_sapling":5,"minecraft:sugar_cane":12,"delightful:green_tea_leaf":2,"minecraft:chest":1,"minecraft:furnace":4,"minecraft:stick":2,"minecraft:raw_iron":84,"minecraft:torch":6,"quark:blossom_log":66,"minecraft:diorite":8,"minecraft:redstone":26,"minecraft:arrow":4,"minecraft:rotten_flesh":8,"minecraft:peony":1,"supplementaries:ash":3,"minecraft:white_wool":4,"minecraft:bone_block":144,"minecraft:cobblestone":124,"minecraft:birch_log":128,"minecraft:water_bucket":1,"minecraft:leather":6,"biomesoplenty:fir_sapling":38,"biomesoplenty:fir_log":128,"minecraft:flint":2,"minecraft:tuff":2,"minecraft:oak_log":203,"minecraft:map":2,"minecraft:lapis_lazuli":56,"minecraft:dirt":14,"minecraft:bone":6,"minecraft:apple":18,"minecraft:stonecutter":1,"delightful:mini_melon":1,"minecraft:wheat_seeds":2,"minecraft:raw_gold":10,"minecraft:grindstone":2,"twigs:twig":88,"minecraft:oak_planks":40,"minecraft:book":63,"quark:blue_blossom_sapling":8,"minecraft:sweet_berries":56,"crabbersdelight:crab":1,"minecraft:gravel":7,"minecraft:lava_bucket":1,"minecraft:spruce_sapling":3,"minecraft:grass_block":1,"minecraft:dark_oak_log":127,"biomesoplenty:maple_sapling":50,"minecraft:purple_bed":12,"minecraft:diamond":1,"minecraft:oak_sapling":2,"minecraft:coal":79}},"DataVersion":3465}