{"stats":{"minecraft:custom":{"minecraft:interact_with_smithing_table":1,"minecraft:interact_with_furnace":16,"minecraft:mob_kills":14,"minecraft:interact_with_crafting_table":9,"goblintraders:trade_with_goblin":35,"minecraft:interact_with_stonecutter":1,"minecraft:leave_game":2,"minecraft:time_since_death":10871,"minecraft:sleep_in_bed":1,"minecraft:climb_one_cm":650,"minecraft:time_since_rest":10899,"minecraft:sprint_one_cm":89276,"minecraft:damage_taken":600,"minecraft:walk_one_cm":141156,"minecraft:damage_blocked_by_shield":80,"minecraft:drop":25,"minecraft:damage_dealt":3570,"minecraft:swim_one_cm":13293,"minecraft:talked_to_villager":2,"minecraft:fly_one_cm":74292,"minecraft:open_chest":5,"minecraft:crouch_one_cm":16423,"minecraft:play_time":65765,"minecraft:deaths":2,"minecraft:sneak_time":6092,"minecraft:walk_under_water_one_cm":1802,"minecraft:jump":727,"minecraft:walk_on_water_one_cm":465,"minecraft:total_world_time":65765,"minecraft:fall_one_cm":15024},"minecraft:mined":{"minecraft:smithing_table":1,"minecraft:deepslate_redstone_ore":6,"minecraft:diamond_ore":1,"minecraft:tuff":2,"minecraft:dark_oak_log":40,"minecraft:crafting_table":2,"minecraft:torch":4,"minecraft:glow_lichen":1,"minecraft:grass_block":4,"minecraft:chest":1,"minecraft:tall_grass":1,"minecraft:copper_ore":1,"minecraft:cobblestone":16,"minecraft:spruce_leaves":3,"minecraft:lapis_ore":5,"minecraft:grindstone":1,"minecraft:diorite":5,"minecraft:wall_torch":1,"minecraft:purple_bed":2,"minecraft:furnace":3,"minecraft:birch_log":34,"minecraft:sweet_berry_bush":23,"minecraft:iron_ore":76,"minecraft:cobbled_deepslate":9,"minecraft:ice":2,"minecraft:deepslate_lapis_ore":4,"minecraft:grass":7,"minecraft:coal_ore":45,"minecraft:oak_log":80,"minecraft:deepslate_iron_ore":10,"minecraft:gravel":9,"minecraft:dirt":5,"minecraft:stonecutter":1,"minecraft:stone":106,"minecraft:gold_ore":10,"minecraft:fern":4,"minecraft:oak_leaves":7,"minecraft:deepslate":44},"minecraft:picked_up":{"minecraft:birch_log":23,"minecraft:crafting_table":2,"minecraft:leather":3,"minecraft:smithing_table":1,"biomesoplenty:orange_autumn_sapling":5,"minecraft:flint":2,"minecraft:tuff":2,"minecraft:oak_log":77,"minecraft:map":2,"minecraft:dirt":14,"minecraft:lapis_lazuli":56,"biomesoplenty:yellow_autumn_sapling":7,"minecraft:raw_copper":2,"minecraft:bone":6,"minecraft:apple":4,"minecraft:stonecutter":1,"minecraft:wheat_seeds":1,"minecraft:cobbled_deepslate":54,"minecraft:raw_gold":10,"twigs:pebble":3,"minecraft:grindstone":2,"minecraft:beef":2,"delightful:green_tea_leaf":2,"twigs:twig":30,"minecraft:chest":1,"minecraft:furnace":3,"minecraft:raw_iron":84,"minecraft:sweet_berries":56,"minecraft:torch":5,"minecraft:gravel":7,"minecraft:spruce_sapling":3,"minecraft:diorite":8,"minecraft:grass_block":1,"minecraft:redstone":26,"minecraft:dark_oak_log":34,"biomesoplenty:maple_sapling":23,"minecraft:purple_bed":2,"minecraft:arrow":4,"minecraft:rotten_flesh":8,"minecraft:diamond":1,"minecraft:peony":1,"minecraft:coal":78,"minecraft:cobblestone":124},"minecraft:used":{"minecraft:water_bucket":1,"minecraft:diorite":8,"minecraft:stone_pickaxe":151,"minecraft:shield":2,"minecraft:wooden_pickaxe":12,"minecraft:iron_sword":37,"minecraft:rotten_flesh":8,"minecraft:iron_chestplate":1,"minecraft:torch":6,"minecraft:dirt":13,"minecraft:crafting_table":3,"minecraft:tuff":2,"minecraft:iron_axe":187,"minecraft:grass_block":1,"minecraft:iron_pickaxe":192,"minecraft:iron_helmet":1,"minecraft:iron_boots":1,"minecraft:stone_axe":18,"minecraft:cobblestone":79,"minecraft:beef":2,"minecraft:furnace":3,"minecraft:bucket":3,"minecraft:cobbled_deepslate":54,"minecraft:iron_leggings":1},"minecraft:killed":{"quark:toretoise":1,"minecraft:creeper":1,"minecraft:skeleton":2,"minecraft:zombie":5,"minecraft:enderman":1,"minecraft:cow":2},"minecraft:crafted":{"minecraft:oak_planks":52,"minecraft:crafting_table":2,"minecraft:wooden_pickaxe":2,"minecraft:iron_helmet":1,"minecraft:iron_sword":1,"minecraft:furnace":3,"minecraft:bucket":2,"minecraft:stone_axe":1,"minecraft:air":0,"aether:iron_gloves":1,"minecraft:iron_chestplate":1,"minecraft:iron_boots":1,"minecraft:shield":1,"minecraft:iron_axe":1,"minecraft:stick":54,"minecraft:iron_ingot":107,"minecraft:iron_pickaxe":2,"minecraft:stone_pickaxe":2,"minecraft:stone_sword":1,"minecraft:iron_shovel":1,"minecraft:iron_leggings":1,"minecraft:gold_ingot":15,"minecraft:torch":4},"minecraft:broken":{"minecraft:stone_pickaxe":1},"minecraft:dropped":{"minecraft:stone_axe":1,"minecraft:wheat_seeds":1,"minecraft:stone_sword":1,"minecraft:raw_copper":2,"minecraft:crafting_table":1,"minecraft:cobblestone":10,"minecraft:grindstone":2,"delightful:green_tea_leaf":2,"twigs:pebble":3,"minecraft:dirt":1,"minecraft:peony":1,"minecraft:chest":1,"minecraft:map":2,"minecraft:arrow":4,"minecraft:wooden_pickaxe":2,"minecraft:stone_pickaxe":1,"minecraft:paper":8,"minecraft:bone":3,"minecraft:spruce_sapling":2,"minecraft:gravel":7}},"DataVersion":3465}