{"stats":{"minecraft:broken":{"minecraft:stone_pickaxe":1},"minecraft:crafted":{"minecraft:oak_planks":52,"minecraft:crafting_table":2,"minecraft:wooden_pickaxe":2,"minecraft:iron_helmet":1,"minecraft:iron_sword":1,"minecraft:furnace":3,"minecraft:bucket":2,"minecraft:stone_axe":1,"minecraft:air":0,"aether:iron_gloves":1,"minecraft:iron_chestplate":1,"minecraft:iron_boots":1,"minecraft:shield":1,"minecraft:iron_axe":1,"minecraft:stick":24,"minecraft:iron_ingot":107,"minecraft:iron_pickaxe":2,"minecraft:stone_pickaxe":2,"minecraft:stone_sword":1,"minecraft:iron_shovel":1,"minecraft:iron_leggings":1,"minecraft:gold_ingot":15,"minecraft:torch":4},"minecraft:killed":{"quark:toretoise":1,"minecraft:creeper":1,"minecraft:skeleton":2,"minecraft:zombie":5,"minecraft:enderman":1,"minecraft:cow":1},"minecraft:dropped":{"minecraft:stone_axe":1,"minecraft:wheat_seeds":1,"minecraft:stone_sword":1,"minecraft:raw_copper":2,"minecraft:cobblestone":7,"minecraft:peony":1,"minecraft:wooden_pickaxe":2,"minecraft:stone_pickaxe":1},"minecraft:custom":{"minecraft:interact_with_furnace":16,"minecraft:mob_kills":13,"minecraft:interact_with_crafting_table":9,"goblintraders:trade_with_goblin":35,"minecraft:leave_game":2,"minecraft:time_since_death":48432,"minecraft:climb_one_cm":634,"minecraft:time_since_rest":48464,"minecraft:sprint_one_cm":42279,"minecraft:damage_taken":580,"minecraft:walk_one_cm":89455,"minecraft:damage_blocked_by_shield":80,"minecraft:drop":9,"minecraft:damage_dealt":3415,"minecraft:fly_one_cm":39906,"minecraft:open_chest":1,"minecraft:crouch_one_cm":15758,"minecraft:play_time":52735,"minecraft:deaths":1,"minecraft:sneak_time":5881,"minecraft:jump":554,"minecraft:total_world_time":52735,"minecraft:fall_one_cm":11235},"minecraft:used":{"minecraft:diorite":8,"minecraft:stone_pickaxe":151,"minecraft:shield":2,"minecraft:wooden_pickaxe":12,"minecraft:iron_sword":27,"minecraft:rotten_flesh":8,"minecraft:iron_chestplate":1,"minecraft:torch":6,"minecraft:dirt":13,"minecraft:crafting_table":3,"minecraft:tuff":2,"minecraft:iron_axe":12,"minecraft:grass_block":1,"minecraft:iron_pickaxe":188,"minecraft:iron_helmet":1,"minecraft:iron_boots":1,"minecraft:stone_axe":18,"minecraft:cobblestone":79,"minecraft:beef":1,"minecraft:furnace":3,"minecraft:cobbled_deepslate":54,"minecraft:iron_leggings":1},"minecraft:mined":{"minecraft:deepslate_redstone_ore":6,"minecraft:diamond_ore":1,"minecraft:tuff":2,"minecraft:crafting_table":2,"minecraft:torch":4,"minecraft:glow_lichen":1,"minecraft:grass_block":4,"minecraft:chest":1,"minecraft:copper_ore":1,"minecraft:cobblestone":16,"minecraft:spruce_leaves":3,"minecraft:lapis_ore":5,"minecraft:diorite":5,"minecraft:wall_torch":1,"minecraft:furnace":3,"minecraft:iron_ore":76,"minecraft:cobbled_deepslate":9,"minecraft:deepslate_lapis_ore":4,"minecraft:grass":1,"minecraft:coal_ore":45,"minecraft:oak_log":13,"minecraft:deepslate_iron_ore":10,"minecraft:gravel":9,"minecraft:dirt":5,"minecraft:stone":106,"minecraft:gold_ore":10,"minecraft:oak_leaves":7,"minecraft:deepslate":44},"minecraft:picked_up":{"minecraft:crafting_table":2,"minecraft:leather":1,"minecraft:flint":2,"minecraft:tuff":2,"minecraft:oak_log":13,"minecraft:dirt":14,"minecraft:lapis_lazuli":56,"minecraft:raw_copper":2,"minecraft:bone":3,"minecraft:wheat_seeds":1,"minecraft:cobbled_deepslate":54,"minecraft:raw_gold":10,"twigs:pebble":3,"minecraft:beef":1,"minecraft:chest":1,"minecraft:furnace":3,"minecraft:raw_iron":84,"minecraft:torch":5,"minecraft:gravel":7,"minecraft:spruce_sapling":1,"minecraft:diorite":8,"minecraft:grass_block":1,"minecraft:redstone":26,"minecraft:arrow":4,"minecraft:rotten_flesh":8,"minecraft:diamond":1,"minecraft:peony":1,"minecraft:coal":78,"minecraft:cobblestone":124}},"DataVersion":3465}