{"stats":{"minecraft:mined":{"minecraft:diamond_ore":1,"minecraft:tuff":2,"minecraft:dark_oak_log":130,"minecraft:glow_lichen":1,"minecraft:grass_block":4,"minecraft:decorated_pot":1,"minecraft:spruce_leaves":3,"minecraft:furnace":4,"minecraft:iron_ore":76,"minecraft:cobbled_deepslate":9,"minecraft:deepslate_lapis_ore":4,"minecraft:bookshelf":22,"minecraft:deepslate_iron_ore":10,"minecraft:stone":106,"minecraft:bone_block":144,"minecraft:smithing_table":1,"minecraft:deepslate_redstone_ore":6,"twigs:pebble":1,"minecraft:crafting_table":2,"minecraft:torch":5,"minecraft:chest":1,"minecraft:cobblestone":16,"minecraft:copper_ore":1,"minecraft:tall_grass":3,"minecraft:lapis_ore":5,"minecraft:grindstone":1,"minecraft:sugar_cane":1,"minecraft:diorite":5,"minecraft:wall_torch":1,"supplementaries:urn":3,"minecraft:purple_bed":6,"minecraft:birch_log":159,"biomesoplenty:yellow_autumn_leaves":4,"minecraft:sweet_berry_bush":24,"minecraft:ice":2,"minecraft:grass":26,"minecraft:oak_log":219,"minecraft:coal_ore":46,"delightful:mini_melon":1,"minecraft:dirt":5,"minecraft:gravel":9,"minecraft:stonecutter":1,"minecraft:gold_ore":10,"minecraft:oak_leaves":7,"minecraft:deepslate":44,"minecraft:fern":4},"minecraft:custom":{"minecraft:interact_with_smithing_table":1,"minecraft:mob_kills":16,"minecraft:interact_with_crafting_table":13,"minecraft:open_barrel":13,"goblintraders:trade_with_goblin":35,"minecraft:leave_game":2,"minecraft:time_since_death":46871,"minecraft:climb_one_cm":3419,"minecraft:sprint_one_cm":165911,"minecraft:walk_one_cm":215507,"minecraft:damage_blocked_by_shield":80,"minecraft:drop":49,"minecraft:play_noteblock":21,"minecraft:talked_to_villager":2,"minecraft:play_time":101765,"minecraft:deaths":2,"minecraft:sneak_time":7089,"minecraft:walk_under_water_one_cm":11327,"minecraft:jump":1193,"minecraft:walk_on_water_one_cm":7917,"minecraft:total_world_time":101765,"minecraft:interact_with_furnace":17,"minecraft:tune_noteblock":93,"minecraft:interact_with_stonecutter":1,"minecraft:sleep_in_bed":4,"minecraft:time_since_rest":8153,"minecraft:damage_taken":620,"minecraft:damage_dealt":3935,"minecraft:swim_one_cm":61458,"minecraft:fly_one_cm":169568,"minecraft:open_chest":7,"minecraft:crouch_one_cm":18120,"minecraft:fall_one_cm":24916},"minecraft:picked_up":{"minecraft:crafting_table":3,"minecraft:smithing_table":1,"biomesoplenty:orange_autumn_sapling":31,"minecraft:raw_copper":2,"biomesoplenty:yellow_autumn_sapling":64,"minecraft:cobbled_deepslate":54,"delightful:acorn":1,"twigs:pebble":4,"minecraft:beef":2,"minecraft:sugar_cane":4,"delightful:green_tea_leaf":2,"minecraft:chest":1,"minecraft:furnace":4,"minecraft:stick":2,"minecraft:raw_iron":84,"minecraft:torch":6,"minecraft:diorite":8,"minecraft:redstone":26,"minecraft:arrow":4,"minecraft:rotten_flesh":8,"minecraft:peony":1,"supplementaries:ash":3,"minecraft:bone_block":144,"minecraft:cobblestone":124,"minecraft:birch_log":128,"minecraft:leather":3,"minecraft:flint":2,"minecraft:tuff":2,"minecraft:oak_log":203,"minecraft:lapis_lazuli":56,"minecraft:map":2,"minecraft:dirt":14,"minecraft:bone":6,"minecraft:apple":18,"minecraft:stonecutter":1,"delightful:mini_melon":1,"minecraft:wheat_seeds":2,"minecraft:raw_gold":10,"minecraft:grindstone":2,"twigs:twig":85,"minecraft:oak_planks":40,"minecraft:book":63,"minecraft:sweet_berries":56,"crabbersdelight:crab":1,"minecraft:lava_bucket":1,"minecraft:gravel":7,"minecraft:spruce_sapling":3,"minecraft:grass_block":1,"minecraft:dark_oak_log":127,"biomesoplenty:maple_sapling":50,"minecraft:purple_bed":8,"minecraft:diamond":1,"minecraft:oak_sapling":2,"minecraft:coal":79},"minecraft:used":{"minecraft:shield":2,"minecraft:iron_sword":45,"minecraft:rotten_flesh":8,"minecraft:iron_chestplate":1,"minecraft:torch":7,"minecraft:dirt":13,"minecraft:tuff":2,"minecraft:grass_block":1,"minecraft:iron_axe":630,"minecraft:iron_helmet":1,"minecraft:iron_boots":1,"minecraft:beef":2,"minecraft:sweet_berries":8,"minecraft:furnace":3,"minecraft:cobbled_deepslate":54,"minecraft:iron_leggings":1,"minecraft:water_bucket":5,"minecraft:diorite":8,"minecraft:stone_pickaxe":151,"minecraft:wooden_pickaxe":12,"minecraft:crafting_table":5,"minecraft:bread":3,"minecraft:melon_slice":3,"minecraft:iron_pickaxe":338,"minecraft:stone_axe":18,"minecraft:cobblestone":79,"minecraft:purple_bed":4,"minecraft:bucket":7,"twigs:pebble":1,"delightful:acorn":1},"minecraft:killed":{"quark:toretoise":1,"minecraft:skeleton":2,"crabbersdelight:crab":1,"minecraft:creeper":1,"minecraft:zombie":6,"minecraft:cow":2,"minecraft:enderman":1},"minecraft:broken":{"minecraft:stone_pickaxe":1,"minecraft:iron_axe":2,"minecraft:iron_pickaxe":1},"minecraft:crafted":{"minecraft:oak_planks":52,"minecraft:melon_slice":3,"minecraft:furnace":3,"minecraft:iron_boots":1,"minecraft:iron_axe":3,"minecraft:stone_pickaxe":2,"minecraft:crafting_table":3,"minecraft:wooden_pickaxe":2,"minecraft:iron_helmet":1,"minecraft:iron_sword":1,"minecraft:bucket":2,"minecraft:stone_axe":1,"minecraft:air":0,"aether:iron_gloves":1,"minecraft:iron_chestplate":1,"minecraft:shield":1,"minecraft:stick":58,"minecraft:iron_ingot":107,"minecraft:iron_pickaxe":2,"minecraft:stone_sword":1,"minecraft:gold_ingot":15,"minecraft:iron_shovel":1,"minecraft:iron_leggings":1,"minecraft:torch":4},"minecraft:dropped":{"minecraft:wheat_seeds":2,"minecraft:smithing_table":1,"minecraft:crafting_table":1,"minecraft:cobblestone":10,"delightful:green_tea_leaf":2,"minecraft:stick":35,"twigs:pebble":3,"minecraft:lava_bucket":1,"minecraft:dirt":1,"minecraft:torch":3,"minecraft:map":4,"minecraft:paper":8,"minecraft:birch_log":2,"twigs:twig":6,"minecraft:spruce_sapling":3,"minecraft:bone":6,"minecraft:gravel":7,"minecraft:furnace":4,"minecraft:stone_axe":1,"minecraft:stone_sword":1,"minecraft:raw_copper":2,"minecraft:grindstone":2,"minecraft:oak_planks":56,"supplementaries:ash":3,"minecraft:peony":1,"minecraft:purple_bed":2,"minecraft:oak_sapling":2,"minecraft:chest":1,"crabbersdelight:crab":1,"minecraft:arrow":4,"minecraft:stone_pickaxe":1,"minecraft:wooden_pickaxe":2}},"DataVersion":3465}