{"stats":{"minecraft:killed":{"alexsmobs:snow_leopard":1,"quark:toretoise":1,"minecraft:skeleton":8,"crabbersdelight:crab":1,"minecraft:creeper":1,"minecraft:sheep":4,"alexsmobs:cockroach":1,"minecraft:zombie":9,"minecraft:enderman":1,"minecraft:cow":10},"minecraft:custom":{"minecraft:interact_with_smithing_table":1,"minecraft:mob_kills":39,"minecraft:interact_with_crafting_table":18,"minecraft:open_barrel":19,"goblintraders:trade_with_goblin":35,"minecraft:leave_game":5,"minecraft:time_since_death":6226,"minecraft:climb_one_cm":5333,"minecraft:sprint_one_cm":325031,"minecraft:walk_one_cm":332884,"minecraft:damage_blocked_by_shield":80,"minecraft:drop":72,"minecraft:play_noteblock":21,"minecraft:talked_to_villager":2,"minecraft:play_time":171719,"minecraft:deaths":3,"minecraft:sneak_time":10522,"minecraft:walk_under_water_one_cm":20215,"minecraft:jump":2470,"minecraft:walk_on_water_one_cm":16795,"minecraft:total_world_time":171719,"minecraft:interact_with_furnace":18,"minecraft:tune_noteblock":93,"minecraft:interact_with_stonecutter":1,"minecraft:sleep_in_bed":7,"minecraft:time_since_rest":6276,"minecraft:damage_taken":1564,"minecraft:damage_dealt":6707,"minecraft:swim_one_cm":79640,"minecraft:fly_one_cm":435751,"minecraft:open_chest":28,"minecraft:crouch_one_cm":23556,"minecraft:fall_one_cm":63592},"minecraft:used":{"minecraft:shield":2,"minecraft:iron_sword":102,"minecraft:rotten_flesh":8,"minecraft:iron_chestplate":1,"minecraft:torch":7,"minecraft:dirt":13,"minecraft:tuff":2,"minecraft:wooden_axe":33,"minecraft:lava_bucket":1,"minecraft:iron_axe":989,"minecraft:grass_block":1,"minecraft:iron_helmet":1,"minecraft:iron_boots":1,"minecraft:beef":2,"minecraft:sweet_berries":8,"minecraft:furnace":3,"minecraft:cobbled_deepslate":75,"minecraft:powder_snow_bucket":14,"minecraft:iron_leggings":1,"quark:blossom_log":2,"minecraft:water_bucket":44,"minecraft:diorite":8,"minecraft:stone_pickaxe":151,"minecraft:wooden_pickaxe":12,"minecraft:crafting_table":8,"minecraft:bread":21,"minecraft:melon_slice":3,"minecraft:iron_pickaxe":582,"minecraft:stone_axe":18,"minecraft:cobblestone":79,"minecraft:purple_bed":11,"minecraft:bucket":61,"twigs:pebble":1,"delightful:acorn":1},"minecraft:crafted":{"minecraft:oak_planks":68,"minecraft:melon_slice":3,"minecraft:furnace":3,"minecraft:iron_boots":1,"minecraft:iron_axe":4,"minecraft:stone_pickaxe":2,"backpacked:backpack":1,"quark:blossom_planks":4,"minecraft:crafting_table":6,"minecraft:wooden_pickaxe":2,"minecraft:iron_helmet":1,"minecraft:iron_sword":1,"minecraft:bucket":3,"minecraft:stone_axe":1,"minecraft:air":0,"aether:iron_gloves":1,"biomesoplenty:fir_planks":4,"minecraft:iron_chestplate":1,"minecraft:shield":2,"minecraft:stick":78,"minecraft:iron_ingot":107,"minecraft:iron_pickaxe":3,"minecraft:wooden_axe":1,"minecraft:stone_sword":1,"minecraft:iron_shovel":1,"minecraft:iron_leggings":1,"minecraft:gold_ingot":15,"minecraft:torch":4},"minecraft:picked_up":{"minecraft:crafting_table":3,"minecraft:smithing_table":1,"aether:iron_gloves":1,"biomesoplenty:orange_autumn_sapling":31,"spawnersplus:spawner_fragment":2,"minecraft:string":1,"minecraft:raw_copper":2,"biomesoplenty:yellow_autumn_sapling":64,"minecraft:cobbled_deepslate":153,"twigs:pebble":4,"delightful:acorn":1,"minecraft:beef":6,"quark:yellow_blossom_sapling":5,"minecraft:sugar_cane":19,"delightful:green_tea_leaf":3,"minecraft:chest":1,"minecraft:furnace":4,"minecraft:stick":2,"minecraft:raw_iron":86,"minecraft:torch":6,"quark:blossom_log":68,"minecraft:diorite":8,"minecraft:redstone":26,"minecraft:arrow":7,"minecraft:rotten_flesh":8,"minecraft:peony":1,"minecraft:black_banner":5,"supplementaries:ash":11,"minecraft:white_wool":4,"minecraft:skeleton_skull":2,"minecraft:bone_block":144,"minecraft:cobblestone":141,"minecraft:birch_log":128,"minecraft:water_bucket":1,"minecraft:leather":8,"biomesoplenty:fir_sapling":38,"biomesoplenty:fir_log":128,"minecraft:flint":2,"minecraft:tuff":2,"minecraft:oak_log":232,"minecraft:map":2,"minecraft:lapis_lazuli":60,"minecraft:dirt":20,"minecraft:bone":9,"minecraft:apple":18,"minecraft:stonecutter":1,"delightful:mini_melon":1,"minecraft:wheat_seeds":2,"minecraft:raw_gold":29,"minecraft:grindstone":2,"twigs:twig":93,"minecraft:oak_planks":40,"minecraft:book":63,"quark:blue_blossom_sapling":8,"minecraft:sweet_berries":56,"minecraft:sand":4,"crabbersdelight:crab":1,"minecraft:gravel":9,"minecraft:lava_bucket":1,"minecraft:spruce_sapling":3,"minecraft:grass_block":1,"minecraft:dark_oak_log":127,"biomesoplenty:maple_sapling":50,"minecraft:purple_bed":15,"minecraft:diamond":1,"minecraft:emerald":4,"minecraft:oak_sapling":6,"minecraft:coal":79},"minecraft:killed_by":{"minecraft:creeper":1},"minecraft:mined":{"minecraft:diamond_ore":1,"minecraft:tuff":2,"minecraft:dark_oak_log":130,"minecraft:glow_lichen":1,"minecraft:granite":11,"minecraft:grass_block":11,"minecraft:decorated_pot":1,"minecraft:spruce_leaves":3,"biomesoplenty:tundra_shrub":1,"minecraft:spawner":1,"minecraft:furnace":4,"minecraft:iron_ore":77,"minecraft:cobbled_deepslate":14,"minecraft:chiseled_deepslate":1,"minecraft:deepslate_lapis_ore":5,"minecraft:bookshelf":22,"minecraft:deepslate_iron_ore":12,"minecraft:stone":168,"minecraft:bone_block":144,"minecraft:smithing_table":1,"minecraft:deepslate_redstone_ore":6,"twigs:pebble":1,"minecraft:powder_snow":44,"minecraft:crafting_table":2,"minecraft:torch":5,"minecraft:chest":1,"quark:blossom_log":88,"twigs:petrified_lichen":1,"minecraft:tall_grass":3,"minecraft:copper_ore":1,"minecraft:cobblestone":19,"minecraft:deepslate_gold_ore":19,"minecraft:lapis_ore":5,"minecraft:grindstone":1,"minecraft:sugar_cane":9,"minecraft:diorite":20,"minecraft:wall_torch":1,"supplementaries:urn":6,"minecraft:skeleton_skull":2,"minecraft:purple_bed":13,"biomesoplenty:yellow_autumn_leaves":4,"minecraft:birch_log":159,"minecraft:black_wall_banner":5,"twigs:tangerine_seashell":1,"minecraft:sweet_berry_bush":24,"minecraft:ice":2,"biomesoplenty:fir_log":240,"minecraft:grass":27,"minecraft:coal_ore":46,"minecraft:oak_log":248,"delightful:mini_melon":1,"biomesoplenty:fir_leaves":1,"minecraft:sand":4,"minecraft:gravel":14,"minecraft:dirt":15,"minecraft:cobweb":1,"twigs:rhyolite":6,"minecraft:stonecutter":1,"minecraft:gold_ore":10,"minecraft:oak_leaves":19,"minecraft:deepslate":150,"minecraft:fern":5},"minecraft:broken":{"minecraft:stone_pickaxe":1,"minecraft:iron_axe":3,"minecraft:iron_pickaxe":2},"minecraft:dropped":{"minecraft:water_bucket":2,"minecraft:iron_ingot":4,"minecraft:bread":3,"minecraft:wheat_seeds":2,"minecraft:smithing_table":1,"minecraft:crafting_table":1,"minecraft:cobblestone":27,"delightful:green_tea_leaf":2,"minecraft:flint":5,"minecraft:stick":41,"twigs:pebble":3,"minecraft:lava_bucket":1,"minecraft:dirt":1,"quark:blossom_log":1,"minecraft:torch":3,"minecraft:map":4,"minecraft:stonecutter":1,"minecraft:iron_shovel":1,"minecraft:paper":8,"minecraft:birch_log":2,"minecraft:spruce_sapling":3,"twigs:twig":73,"spawnersplus:spawner_fragment":1,"minecraft:bone":6,"minecraft:gravel":7,"minecraft:furnace":4,"minecraft:stone_axe":1,"minecraft:stone_sword":1,"minecraft:cobbled_deepslate":13,"minecraft:raw_copper":2,"minecraft:grindstone":2,"minecraft:oak_planks":56,"supplementaries:ash":3,"aether:iron_gloves":1,"minecraft:peony":1,"minecraft:purple_bed":3,"minecraft:oak_sapling":6,"minecraft:chest":1,"minecraft:wooden_pickaxe":2,"minecraft:arrow":4,"crabbersdelight:crab":1,"minecraft:stone_pickaxe":1}},"DataVersion":3465}