{"stats":{"minecraft:used":{"minecraft:dirt":2,"minecraft:iron_shovel":4,"minecraft:bread":7,"minecraft:spruce_planks":20,"minecraft:blue_bed":1},"minecraft:crafted":{"minecraft:crafting_table":1,"minecraft:spruce_planks":56},"minecraft:dropped":{"minecraft:bread":10,"minecraft:dirt":1,"supplementaries:ash":13,"minecraft:wheat_seeds":3},"minecraft:custom":{"minecraft:time_since_rest":84005,"minecraft:open_chest":6,"minecraft:crouch_one_cm":4271,"minecraft:play_time":125004,"minecraft:sprint_one_cm":60863,"minecraft:damage_taken":200,"minecraft:walk_one_cm":60169,"minecraft:sneak_time":1104,"minecraft:walk_under_water_one_cm":1604,"minecraft:drop":6,"minecraft:jump":361,"minecraft:leave_game":6,"minecraft:walk_on_water_one_cm":4322,"minecraft:time_since_death":125004,"minecraft:sleep_in_bed":1,"minecraft:climb_one_cm":373,"minecraft:total_world_time":125004,"minecraft:swim_one_cm":8463,"minecraft:fall_one_cm":12923,"minecraft:fly_one_cm":74710},"minecraft:picked_up":{"minecraft:raw_iron":5,"twigs:opaline_seashell":1,"minecraft:wheat_seeds":3,"supplementaries:ash":13,"minecraft:bread":10,"minecraft:dirt":3,"minecraft:blue_bed":2},"minecraft:mined":{"supplementaries:urn":1,"minecraft:grass":2,"minecraft:grass_block":1,"minecraft:dirt_path":1,"minecraft:dirt":2,"minecraft:sweet_berry_bush":1,"minecraft:moss_carpet":1,"minecraft:fern":1,"twigs:opaline_seashell":1,"minecraft:blue_bed":2}},"DataVersion":3465}