{"stats":{"minecraft:crafted":{"minecraft:oak_planks":48,"minecraft:crafting_table":1,"minecraft:spruce_planks":56,"minecraft:wooden_pickaxe":1,"minecraft:furnace":1,"minecraft:bucket":1,"minecraft:stone_axe":1,"minecraft:air":0,"minecraft:stick":12,"minecraft:iron_ingot":5,"shieldexp:wooden_shield":1,"minecraft:iron_pickaxe":1,"minecraft:wooden_axe":1},"minecraft:dropped":{"minecraft:bread":10,"minecraft:wheat_seeds":3,"minecraft:dirt":1,"supplementaries:ash":13,"minecraft:wooden_axe":1},"minecraft:used":{"minecraft:iron_shovel":4,"minecraft:oak_planks":4,"minecraft:spruce_planks":32,"minecraft:wooden_pickaxe":11,"minecraft:blue_bed":1,"minecraft:dirt":2,"minecraft:crafting_table":3,"minecraft:wooden_axe":23,"minecraft:bread":11,"minecraft:iron_pickaxe":4,"minecraft:stone_axe":13,"minecraft:furnace":1,"minecraft:bucket":1},"minecraft:mined":{"snowrealmagic:slab":2,"minecraft:spruce_planks":4,"minecraft:crafting_table":3,"minecraft:grass_block":1,"minecraft:blue_bed":2,"supplementaries:urn":1,"minecraft:coarse_dirt":1,"minecraft:dark_oak_slab":1,"minecraft:furnace":1,"minecraft:sweet_berry_bush":1,"minecraft:moss_carpet":1,"minecraft:grass":2,"minecraft:oak_log":13,"minecraft:dirt_path":1,"minecraft:dirt":4,"minecraft:stone":14,"twigs:opaline_seashell":1,"minecraft:fern":3},"minecraft:picked_up":{"minecraft:wooden_axe":1,"minecraft:crafting_table":3,"illagerinvasion:platinum_chunk":1,"minecraft:oak_log":12,"minecraft:blue_bed":2,"minecraft:dirt":5,"minecraft:lantern":1,"twigs:opaline_seashell":1,"minecraft:apple":1,"minecraft:wheat_seeds":3,"minecraft:spruce_planks":16,"twigs:twig":2,"delightful:green_tea_leaf":1,"minecraft:furnace":1,"minecraft:raw_iron":5,"minecraft:dark_oak_slab":3,"biomesoplenty:maple_sapling":3,"minecraft:arrow":1,"minecraft:rotten_flesh":1,"minecraft:emerald":1,"minecraft:bread":10,"supplementaries:ash":13,"minecraft:cobblestone":13},"minecraft:killed_by":{"minecraft:vindicator":1},"minecraft:killed":{"minecraft:pillager":1,"minecraft:zombie":1},"minecraft:custom":{"minecraft:interact_with_furnace":4,"minecraft:mob_kills":2,"minecraft:interact_with_crafting_table":7,"minecraft:leave_game":8,"minecraft:time_since_death":116,"minecraft:sleep_in_bed":1,"minecraft:climb_one_cm":389,"minecraft:time_since_rest":386,"minecraft:sprint_one_cm":104991,"minecraft:damage_taken":631,"minecraft:walk_one_cm":92991,"minecraft:drop":7,"minecraft:damage_dealt":439,"minecraft:swim_one_cm":8463,"minecraft:fly_one_cm":137582,"minecraft:open_chest":6,"minecraft:crouch_one_cm":7639,"minecraft:play_time":139926,"minecraft:deaths":1,"minecraft:sneak_time":1361,"minecraft:walk_under_water_one_cm":1604,"minecraft:jump":724,"minecraft:walk_on_water_one_cm":5366,"minecraft:total_world_time":139926,"minecraft:fall_one_cm":22393}},"DataVersion":3465}