{"stats":{"minecraft:used":{"minecraft:iron_shovel":4,"minecraft:bread":4,"minecraft:spruce_planks":14},"minecraft:crafted":{"minecraft:crafting_table":1,"minecraft:spruce_planks":56},"minecraft:dropped":{"minecraft:dirt":1},"minecraft:custom":{"minecraft:time_since_rest":32075,"minecraft:open_chest":5,"minecraft:crouch_one_cm":463,"minecraft:play_time":32075,"minecraft:sprint_one_cm":31686,"minecraft:damage_taken":124,"minecraft:walk_one_cm":39120,"minecraft:sneak_time":186,"minecraft:walk_under_water_one_cm":951,"minecraft:drop":1,"minecraft:jump":205,"minecraft:leave_game":5,"minecraft:walk_on_water_one_cm":2317,"minecraft:time_since_death":32075,"minecraft:total_world_time":32075,"minecraft:swim_one_cm":8463,"minecraft:fall_one_cm":8424,"minecraft:fly_one_cm":45199},"minecraft:picked_up":{"twigs:opaline_seashell":1,"minecraft:dirt":3,"minecraft:blue_bed":1},"minecraft:mined":{"minecraft:grass_block":1,"minecraft:dirt_path":1,"minecraft:dirt":2,"minecraft:sweet_berry_bush":1,"minecraft:moss_carpet":1,"twigs:opaline_seashell":1,"minecraft:blue_bed":1}},"DataVersion":3465}